{"accuracy": 0.9221, "sensitivity": 0.9048398091342876, "auc": 0.9869966786501277}